token,lemma,upos,fine_tag,sent_id
Is,be,AUX,VBZ,0
very,very,ADV,RB,0
good,good,ADJ,JJ,0
got,get,VERB,VBD,0
many,many,ADJ,JJ,0
songs,song,NOUN,NNS,0
And,and,CCONJ,CC,0
suggests,suggest,VERB,VBZ,0
New,new,ADJ,JJ,0
ones,one,NOUN,NNS,0
But,but,CCONJ,CC,59
i,I,PRON,PRP,59
have,have,VERB,VBP,59
To,to,PART,TO,59
say,say,VERB,VB,59
The,the,DET,DT,59
APP,APP,PROPN,NNP,59
Was,be,AUX,VBD,59
way,way,ADV,RB,59
good,good,ADJ,JJ,59
before,before,ADV,RB,59
than,than,ADP,IN,59
Now,now,ADV,RB,59
Because,because,SCONJ,IN,115
there,there,PRON,EX,115
are,be,VERB,VBP,115
lot,lot,NOUN,NN,115
of,of,ADP,IN,115
ads,ad,NOUN,NNS,115
showing,show,VERB,VBG,115
up,up,ADP,RP,115
Pls,pls,INTJ,UH,156
do,do,AUX,VB,156
Not,not,PART,RB,156
ask,ask,VERB,VB,156
us,we,PRON,PRP,156
To,to,PART,TO,156
try,try,VERB,VB,156
PREMIUM,PREMIUM,PROPN,NNP,156
No,no,INTJ,UH,190
i,I,PRON,PRP,190
do,do,AUX,VBP,190
Not,not,PART,RB,190
want,want,VERB,VB,190
To,to,PART,TO,190
Please,please,INTJ,UH,211
try,try,VERB,VB,211
To,to,PART,TO,211
reduce,reduce,VERB,VB,211
The,the,DET,DT,211
ads,ad,NOUN,NNS,211
It,it,PRON,PRP,211
would,would,AUX,MD,211
be,be,AUX,VB,211
okay,okay,ADJ,JJ,211
If,if,SCONJ,IN,257
We,we,PRON,PRP,257
get,get,VERB,VBP,257
To,to,PART,TO,257
ads,ad,NOUN,NNS,257
in,in,ADP,IN,257
between,between,ADP,IN,257
After,after,ADP,IN,257
listening,listen,VERB,VBG,257
To,to,ADP,IN,257
or,or,CCONJ,CC,257
songs,song,NOUN,NNS,257
It,it,PRON,PRP,322
"says""watch","says""watch",VERB,VBP,322
This,this,DET,DT,322
ad,ad,NOUN,NN,322
To,to,PART,TO,322
listen,listen,VERB,VB,322
To,to,ADP,IN,322
songs,song,NOUN,NNS,322
for,for,ADP,IN,322
mins,min,NOUN,NNS,322
ad,ad,NOUN,NN,322
free,free,ADJ,JJ,322
But,but,CCONJ,CC,391
What,what,PRON,WP,391
We,we,PRON,PRP,391
get,get,VERB,VBP,391
Is,be,AUX,VBZ,391
ads,ad,NOUN,NNS,391
continuously,continuously,ADV,RB,391
And,and,CCONJ,CC,439
After,after,ADP,IN,439
listening,listen,VERB,VBG,439
To,to,ADP,IN,439
songs,song,NOUN,NNS,439
We,we,PRON,PRP,439
again,again,ADV,RB,439
get,get,VERB,VBP,439
ads,ad,NOUN,NNS,439
It,it,PRON,PRP,488
Is,be,AUX,VBZ,488
irritating,irritate,VERB,VBG,488
Worst,bad,ADJ,JJS,0
update,update,VERB,VB,0
ever,ever,ADV,RB,0
Now,now,ADV,RB,21
You,you,PRON,PRP,21
can,can,AUX,MD,21
not,not,PART,RB,21
Even,even,ADV,RB,21
forward,forward,ADJ,JJ,21
or,or,CCONJ,CC,21
backward,backward,ADJ,JJ,21
lyrics,lyric,NOUN,NNS,21
/,/,SYM,SYM,21
part,part,NOUN,NN,21
in,in,ADP,IN,21
a,a,DET,DT,21
WITHOUT,without,ADP,IN,85
PREMIUM,PREMIUM,PROPN,NNP,85
You,you,PRON,PRP,102
can,can,AUX,MD,102
not,not,PART,RB,102
Play,play,VERB,VB,102
your,your,PRON,PRP$,102
own,own,ADJ,JJ,102
in,in,ADP,IN,102
order,order,NOUN,NN,102
WITHOUT,without,ADP,IN,146
PREMIUM,PREMIUM,PROPN,NNP,146
And,and,CCONJ,CC,163
What,what,PRON,WP,163
Not,not,PART,RB,163
Now,now,ADV,RB,177
there,there,PRON,EX,177
are,be,VERB,VBP,177
many,many,ADJ,JJ,177
things,thing,NOUN,NNS,177
which,which,PRON,WDT,177
can,can,AUX,MD,177
not,not,PART,RB,177
be,be,AUX,VB,177
done,do,VERB,VBN,177
with,with,ADP,IN,177
out,out,ADP,RP,177
PREMIUM,PREMIUM,PROPN,NNP,177
users,user,NOUN,NNS,242
had,have,VERB,VBD,242
To,to,PART,TO,242
listen,listen,VERB,VB,242
To,to,ADP,IN,242
ads,ad,NOUN,NNS,242
in,in,ADP,IN,242
between,between,ADP,IN,242
Now,now,ADV,RB,242
You,you,PRON,PRP,242
can,can,AUX,MD,242
not,not,PART,RB,242
Even,even,ADV,RB,242
change,change,VERB,VB,242
To,to,ADP,IN,242
PREVIOUS,previous,ADJ,JJ,242
WITHOUT,without,ADP,IN,242
PREMIUM,PREMIUM,PROPN,NNP,242
Like,like,ADP,IN,348
seriously,seriously,ADV,RB,348
Why,why,SCONJ,WRB,365
do,do,AUX,VBP,365
Not,not,PART,RB,365
The,the,DET,DT,365
owner,owner,NOUN,NN,365
Just,just,ADV,RB,365
make,make,VERB,VB,365
This,this,DET,DT,365
whole,whole,ADJ,JJ,365
APP,APP,PROPN,NNP,365
To,to,PART,TO,365
be,be,AUX,VB,365
bought,buy,VERB,VBN,365
i,I,PRON,PRP,426
will,will,AUX,MD,426
appreciate,appreciate,VERB,VB,426
If,if,SCONJ,IN,426
It,it,PRON,PRP,426
Is,be,AUX,VBZ,426
back,back,ADV,RB,426
To,to,ADP,IN,426
normal,normal,ADJ,JJ,426
-happy,-happy,ADJ,JJ,469
user,user,NOUN,NN,469
who,who,PRON,WP,469
Is,be,AUX,VBZ,469
Now,now,ADV,RB,469
sad,sad,ADJ,JJ,469
thank,thank,VERB,VBP,469
You,you,PRON,PRP,469
Intolerable,intolerable,ADJ,JJ,0
It,it,PRON,PRP,0
Is,be,AUX,VBZ,0
as,as,SCONJ,IN,0
They,they,PRON,PRP,0
are,be,AUX,VBP,0
Now,now,ADV,RB,0
demanding,demand,VERB,VBG,0
remuneration,remuneration,NOUN,NN,0
for,for,ADP,IN,0
The,the,DET,DT,0
recurring,recur,VERB,VBG,0
auditions,audition,NOUN,NNS,0
of,of,ADP,IN,0
melodies,melody,NOUN,NNS,0
Presently,presently,ADV,RB,99
The,the,DET,DT,99
facility,facility,NOUN,NN,99
To,to,PART,TO,99
consecutively,consecutively,ADV,RB,99
relish,relish,VERB,VB,99
tunes,tune,NOUN,NNS,99
from,from,ADP,IN,99
's,'s,PART,POS,99
compilation,compilation,NOUN,NN,99
has,have,AUX,VBZ,99
been,be,AUX,VBN,99
withheld,withhold,VERB,VBN,99
And,and,CCONJ,CC,99
Even,even,ADV,RB,99
The,the,DET,DT,99
liberty,liberty,NOUN,NN,99
To,to,PART,TO,99
evade,evade,VERB,VB,99
segments,segment,NOUN,NNS,99
of,of,ADP,IN,99
a,a,DET,DT,99
melody,melody,NOUN,NN,99
has,have,AUX,VBZ,99
been,be,AUX,VBN,99
curtailed,curtail,VERB,VBN,99
Moreover,moreover,ADV,RB,266
The,the,DET,DT,266
sonic,sonic,ADJ,JJ,266
caliber,caliber,NOUN,NN,266
of,of,ADP,IN,266
The,the,DET,DT,266
melodies,melody,NOUN,NNS,266
Is,be,AUX,VBZ,266
dreadfully,dreadfully,ADV,RB,266
substandard,substandard,ADJ,JJ,266
If,if,SCONJ,IN,266
One,one,PRON,PRP,266
must,must,AUX,MD,266
expend,expend,VERB,VB,266
a,a,DET,DT,266
substantial,substantial,ADJ,JJ,266
sum,sum,NOUN,NN,266
for,for,ADP,IN,266
access,access,NOUN,NN,266
To,to,ADP,IN,266
a,a,DET,DT,266
scant,scant,ADJ,JJ,266
selection,selection,NOUN,NN,266
of,of,ADP,IN,266
tunes,tune,NOUN,NNS,266
It,it,PRON,PRP,266
would,would,AUX,MD,266
be,be,AUX,VB,266
prudent,prudent,ADJ,JJ,266
To,to,PART,TO,266
consider,consider,VERB,VB,266
transitioning,transition,VERB,VBG,266
To,to,ADP,IN,266
an,an,DET,DT,266
alternative,alternative,NOUN,NN,266
This,this,DET,DT,0
APP,APP,PROPN,NNP,0
Is,be,AUX,VBZ,0
totally,totally,ADV,RB,0
focused,focused,ADJ,JJ,0
on,on,ADP,IN,0
selling,sell,VERB,VBG,0
PREMIUM,PREMIUM,PROPN,NNP,0
plans,plan,NOUN,NNS,0
And,and,CCONJ,CC,0
Not,not,PART,RB,0
providing,provide,VERB,VBG,0
services,service,NOUN,NNS,0
ads,ad,NOUN,NNS,0
And,and,CCONJ,CC,0
ads,ad,NOUN,NNS,0
And,and,CCONJ,CC,0
ads,ad,NOUN,NNS,0
üëè,üëè,VERB,VBP,0
üèª,üèª,NOUN,NN,0
these,these,DET,DT,0
things,thing,NOUN,NNS,0
aside,aside,ADV,RB,0
Now,now,ADV,RB,0
They,they,PRON,PRP,0
are,be,AUX,VBP,0
charging,charge,VERB,VBG,0
for,for,ADP,IN,0
bare,bare,ADJ,JJ,0
minimum,minimum,ADJ,JJ,0
features,feature,NOUN,NNS,0
Like,like,ADP,IN,0
To,to,PART,TO,0
Play,play,VERB,VB,0
Music,music,NOUN,NN,0
in,in,ADP,IN,0
The,the,DET,DT,0
sequence,sequence,NOUN,NN,0
wise,wise,ADJ,JJ,0
or,or,CCONJ,CC,0
To,to,PART,TO,0
suffle,suffle,VERB,VB,0
them,they,PRON,PRP,0
although,although,SCONJ,IN,0
these,these,DET,DT,0
features,feature,NOUN,NNS,0
do,do,AUX,VBP,0
Not,not,PART,RB,0
cost,cost,VERB,VB,0
them,they,PRON,PRP,0
Nothing,nothing,PRON,NN,0
still,still,ADV,RB,0
To,to,PART,TO,0
manipulate,manipulate,VERB,VB,0
us,we,PRON,PRP,0
To,to,PART,TO,0
Buy,Buy,PROPN,NNP,0
PREMIUM,PREMIUM,PROPN,NNP,0
plans,plan,NOUN,NNS,0
They,they,PRON,PRP,0
are,be,AUX,VBP,0
doing,do,VERB,VBG,0
this,this,PRON,DT,0
ü§¶,ü§¶,PROPN,NNP,0
heights,height,NOUN,NNS,0
of,of,ADP,IN,0
greed,greed,NOUN,NN,0
remove,remove,VERB,VB,0
from,from,ADP,IN,0
It,it,PRON,PRP,0
Was,be,AUX,VBD,0
best,good,ADJ,JJS,0
Music,music,NOUN,NN,0
APP,APP,PROPN,NNP,0
But,but,CCONJ,CC,61
After,after,ADP,IN,61
a,a,DET,DT,61
Recent,recent,ADJ,JJ,61
update,update,NOUN,NN,61
its,its,PRON,PRP$,61
showing,showing,NOUN,NN,61
Why,why,SCONJ,WRB,111
We,we,PRON,PRP,111
have,have,VERB,VBP,111
To,to,PART,TO,111
Just,just,ADV,RB,111
for,for,ADP,IN,111
read,read,NOUN,NN,111
lyrics,lyric,NOUN,NNS,111
remove,remove,VERB,VB,111
This,this,DET,DT,111
whenever,whenever,SCONJ,WRB,111
i,I,PRON,PRP,111
want,want,VERB,VBP,111
To,to,PART,TO,111
move,move,VERB,VB,111
back,back,ADV,RB,111
It,it,PRON,PRP,228
Is,be,AUX,VBZ,228
keep,keep,VERB,VB,228
saying,say,VERB,VBG,228
explore,explore,VERB,VB,228
fix,fix,VERB,VB,228
This,this,DET,DT,228
problem,problem,NOUN,NN,228
This,this,DET,DT,228
APP,app,NOUN,NN,228
Is,be,AUX,VBZ,228
Useless,useless,ADJ,JJ,228
i,I,PRON,PRP,228
can,can,AUX,MD,228
not,not,PART,RB,228
choose,choose,VERB,VB,228
What,what,PRON,WP,331
i,I,PRON,PRP,331
want,want,VERB,VBP,331
To,to,PART,TO,331
The,the,DET,DT,0
APP,APP,PROPN,NNP,0
Is,be,AUX,VBZ,0
becoming,become,VERB,VBG,0
worse,bad,ADJ,JJR,0
And,and,CCONJ,CC,0
worse,worse,ADV,RBR,0
everyday,everyday,NOUN,NN,0
every,every,DET,DT,0
basic,basic,ADJ,JJ,0
feature,feature,NOUN,NN,0
Is,be,AUX,VBZ,0
becoming,become,VERB,VBG,0
PREMIUM,PREMIUM,PROPN,NNP,0
Even,even,ADV,RB,87
The,the,DET,DT,87
backskip,backskip,NOUN,NN,87
button,button,NOUN,NN,87
Is,be,AUX,VBZ,87
Now,now,ADV,RB,87
a,a,DET,DT,87
PREMIUM,PREMIUM,PROPN,NNP,87
feature,feature,NOUN,NN,87
You,you,PRON,PRP,87
can,can,AUX,MD,87
not,not,PART,RB,87
get,get,VERB,VB,87
back,back,ADV,RB,87
To,to,ADP,IN,87
a,a,DET,DT,87
Music,music,NOUN,NN,87
If,if,SCONJ,IN,87
It,it,PRON,PRP,87
gets,get,AUX,VBZ,87
skipped,skip,VERB,VBN,87
Uninstalling,Uninstalling,PROPN,NNP,189
Even,even,ADV,RB,211
After,after,ADP,IN,211
so,so,ADV,RB,211
many,many,ADJ,JJ,211
users,user,NOUN,NNS,211
giving,give,VERB,VBG,211
BAD,bad,ADJ,JJ,211
rating,rating,NOUN,NN,211
They,they,PRON,PRP,211
still,still,ADV,RB,211
keep,keep,VERB,VBP,211
asking,ask,VERB,VBG,211
for,for,ADP,IN,211
money,money,NOUN,NN,211
Just,just,ADV,RB,288
money,money,NOUN,NN,288
seeking,seek,VERB,VBG,288
creeps,creep,NOUN,NNS,288
Disappointed,disappointed,ADJ,JJ,315
And,and,CCONJ,CC,315
Angry,Angry,PROPN,NNP,315
i,I,PRON,PRP,0
brought,bring,VERB,VBD,0
PREMIUM,PREMIUM,PROPN,NNP,0
back,back,ADV,RB,0
But,but,CCONJ,CC,40
Now,now,ADV,RB,40
i,I,PRON,PRP,40
am,be,AUX,VBP,40
Unable,unable,ADJ,JJ,40
log,log,VERB,VB,40
in,in,ADV,RB,40
due,due,ADJ,JJ,40
some,some,DET,DT,40
APP,APP,PROPN,NNP,40
glitch.generally,glitch.generally,ADV,RB,40
Such,such,ADJ,JJ,40
problems,problem,NOUN,NNS,40
should,should,AUX,MD,40
be,be,AUX,VB,40
solve,solve,VERB,VB,40
in,in,ADP,IN,40
But,but,CCONJ,CC,148
This,this,DET,DT,148
team,team,NOUN,NN,148
Is,be,AUX,VBZ,148
Not,not,PART,RB,148
Even,even,ADV,RB,148
looking,look,VERB,VBG,148
in,in,ADP,IN,148
This,this,DET,DT,148
matter,matter,NOUN,NN,148
should,should,AUX,MD,206
be,be,AUX,VB,206
Thankful,thankful,ADJ,JJ,206
store,store,NOUN,NN,206
Because,because,SCONJ,IN,206
It,it,PRON,PRP,206
does,do,AUX,VBZ,206
Not,not,PART,RB,206
have,have,VERB,VB,206
negative,negative,ADJ,JJ,206
rating,rating,NOUN,NN,206
otherwise,otherwise,ADV,RB,206
could,could,AUX,MD,206
have,have,VERB,VB,206
negative,negative,ADJ,JJ,206
rating,rating,NOUN,NN,206
New,new,ADJ,JJ,0
update,update,NOUN,NN,0
Is,be,AUX,VBZ,0
horrible,horrible,ADJ,JJ,0
Why,why,SCONJ,WRB,0
switch,switch,VERB,VB,0
tapping,tap,VERB,VBG,0
back,back,ADV,RB,0
To,to,ADP,IN,0
PREMIUM,PREMIUM,PROPN,NNP,0
And,and,CCONJ,CC,0
Play,play,VERB,VB,0
in,in,ADP,IN,0
order,order,NOUN,NN,0
people,people,NOUN,NNS,0
will,will,AUX,MD,0
be,be,AUX,VB,0
exhausted,exhaust,VERB,VBN,0
BY,by,ADP,IN,0
It,it,PRON,PRP,0
They,they,PRON,PRP,0
will,will,AUX,MD,0
Not,not,PART,RB,0
bry,bry,VERB,VB,0
PREMIUM,PREMIUM,PROPN,NNP,0
instead,instead,ADV,RB,0
They,they,PRON,PRP,0
will,will,AUX,MD,0
DELETE,delete,VERB,VB,0
The,the,DET,DT,0
APP,APP,PROPN,NNP,0
only,only,ADV,RB,0
And,and,CCONJ,CC,0
switch,switch,VERB,VB,0
To,to,ADP,IN,0
other,other,ADJ,JJ,0
apps,app,NOUN,NNS,0
Bring,bring,VERB,VB,0
back,back,ADV,RB,0
The,the,DET,DT,0
old,old,ADJ,JJ,0
updates,update,NOUN,NNS,0
or,or,CCONJ,CC,0
It,it,PRON,PRP,0
Is,be,AUX,VBZ,0
very,very,ADV,RB,0
difficult,difficult,ADJ,JJ,0
To,to,PART,TO,0
listen,listen,VERB,VB,0
songs,song,NOUN,NNS,0
Like,like,ADP,IN,0
This,this,PRON,DT,0
And,and,CCONJ,CC,0
Even,even,ADV,RB,0
feels,feel,VERB,VBZ,0
disturbing,disturbing,ADJ,JJ,0
To,to,ADP,IN,0
listeners,listener,NOUN,NNS,0
i,I,PRON,PRP,0
really,really,ADV,RB,0
HATE,hate,VERB,VBP,0
The,the,DET,DT,0
New,New,PROPN,NNP,0
update,update,NOUN,NN,0
Why,why,SCONJ,WRB,30
would,would,AUX,MD,30
They,they,PRON,PRP,30
remove,remove,VERB,VB,30
The,the,DET,DT,30
basic,basic,ADJ,JJ,30
features,feature,NOUN,NNS,30
Such,such,ADJ,JJ,30
as,as,ADP,IN,30
shuffle,shuffle,NOUN,NN,30
And,and,CCONJ,CC,30
playing,play,VERB,VBG,30
songs,song,NOUN,NNS,30
in,in,ADP,IN,30
order,order,NOUN,NN,30
They,they,PRON,PRP,115
increased,increase,VERB,VBD,115
The,the,DET,DT,115
amount,amount,NOUN,NN,115
of,of,ADP,IN,115
ads,ad,NOUN,NNS,115
as,as,ADV,RB,115
well,well,ADV,RB,115
Having,have,VERB,VBG,157
More,More,ADJ,JJR,157
ads,ad,NOUN,NNS,157
playing,play,VERB,VBG,157
And,and,CCONJ,CC,157
removing,remove,VERB,VBG,157
basic,basic,ADJ,JJ,157
features,feature,NOUN,NNS,157
will,will,AUX,MD,157
Not,not,PART,RB,157
make,make,VERB,VB,157
people,people,NOUN,NNS,157
It,it,PRON,PRP,243
will,will,AUX,MD,243
only,only,ADV,RB,243
make,make,VERB,VB,243
people,people,NOUN,NNS,243
switch,switch,VERB,VB,243
To,to,ADP,IN,243
another,another,DET,DT,243
APP,APP,PROPN,NNP,243
Absolutely,absolutely,ADV,RB,291
Disappointed,disappointed,ADJ,JJ,291
Used,use,VERB,VBN,0
To,to,PART,TO,0
love,love,VERB,VB,0
This,this,DET,DT,0
APP,APP,PROPN,NNP,0
All,all,DET,PDT,23
The,the,DET,DT,23
features,feature,NOUN,NNS,23
were,be,AUX,VBD,23
amazing,amazing,ADJ,JJ,23
And,and,CCONJ,CC,53
i,I,PRON,PRP,53
did,do,AUX,VBD,53
Not,not,PART,RB,53
Even,even,ADV,RB,53
mind,mind,VERB,VB,53
listening,listen,VERB,VBG,53
To,to,ADP,IN,53
The,the,DET,DT,53
ads,ad,NOUN,NNS,53
But,but,CCONJ,CC,98
The,the,DET,DT,98
Recent,recent,ADJ,JJ,98
update,update,NOUN,NN,98
has,have,AUX,VBZ,98
left,leave,VERB,VBN,98
me,I,PRON,PRP,98
Disappointed,disappointed,ADJ,JJ,98
Even,even,ADV,RB,146
The,the,DET,DT,146
basic,basic,ADJ,JJ,146
features,feature,NOUN,NNS,146
are,be,AUX,VBP,146
Not,not,PART,RB,146
available,available,ADJ,JJ,146
Now,now,ADV,RB,146
i,I,PRON,PRP,193
hope,hope,VERB,VBP,193
They,they,PRON,PRP,193
undo,undo,VERB,VBP,193
This,this,DET,DT,193
update,update,NOUN,NN,193
else,else,ADV,RB,193
i,I,PRON,PRP,193
would,would,AUX,MD,193
have,have,VERB,VB,193
No,no,DET,DT,193
other,other,ADJ,JJ,193
option,option,NOUN,NN,193
But,but,CCONJ,CC,256
To,to,PART,TO,256
look,look,VERB,VB,256
for,for,ADP,IN,256
alternatives,alternative,NOUN,NNS,256
This,this,DET,DT,0
APP,APP,PROPN,NNP,0
Was,be,AUX,VBD,0
perfect,perfect,ADJ,JJ,0
before,before,ADV,RB,0
And,and,CCONJ,CC,28
Now,now,ADV,RB,28
Because,because,SCONJ,IN,28
of,of,ADP,IN,28
This,this,DET,DT,28
update,update,NOUN,NN,28
tht,tht,NOUN,NN,28
Removed,remove,VERB,VBN,28
basic,basic,ADJ,JJ,28
features,feature,NOUN,NNS,28
has,have,AUX,VBZ,28
become,become,AUX,VBN,28
f#$ked,f#$ke,VERB,VBN,28
up,up,ADP,RP,28
everyone,everyone,PRON,NN,28
hates,hat,VERB,VBZ,28
This,this,PRON,DT,28
Now,now,ADV,RB,28
remove,remove,VERB,VB,28
The,the,DET,DT,28
update,update,NOUN,NN,28
guys,guy,NOUN,NNS,28
You,you,PRON,PRP,28
can,can,AUX,MD,28
make,make,VERB,VB,28
money,money,NOUN,NN,28
in,in,ADP,IN,28
a,a,DET,DT,28
different,different,ADJ,JJ,28
way,way,NOUN,NN,28
not,not,PART,RB,28
BY,by,ADP,IN,28
removing,remove,VERB,VBG,28
basic,basic,ADJ,JJ,28
features,feature,NOUN,NNS,28
will,will,AUX,MD,226
realise,realise,VERB,VB,226
You,you,PRON,PRP,226
are,be,AUX,VBP,226
mistake,mistake,NOUN,NN,226
soon,soon,ADV,RB,226
The,the,DET,DT,0
APP,APP,PROPN,NNP,0
Was,be,AUX,VBD,0
really,really,ADV,RB,0
good,good,ADJ,JJ,0
But,but,CCONJ,CC,25
recently,recently,ADV,RB,25
pushing,push,VERB,VBG,25
lyrics,lyric,NOUN,NNS,25
behind,behind,ADP,IN,25
a,a,DET,DT,25
wall,wall,NOUN,NN,25
No,no,DET,DT,25
shuffling,shuffling,NOUN,NN,25
Is,be,AUX,VBZ,25
affecting,affect,VERB,VBG,25
experience,experience,NOUN,NN,25
Why,why,SCONJ,WRB,110
All,all,DET,PDT,110
This,this,PRON,DT,110
Is,be,AUX,VBZ,110
part,part,NOUN,NN,110
of,of,ADP,IN,110
PREMIUM,PREMIUM,PROPN,NNP,110
Also,also,ADV,RB,143
can,can,AUX,MD,143
not,not,PART,RB,143
decide,decide,VERB,VB,143
my,my,PRON,PRP$,143
own,own,ADJ,JJ,143
sequence,sequence,NOUN,NN,143
Is,be,AUX,VBZ,185
It,it,PRON,PRP,185
an,an,DET,DT,185
APP,APP,PROPN,NNP,185
from,from,ADP,IN,185
Wish,Wish,PROPN,NNP,225
i,I,PRON,PRP,225
could,could,AUX,MD,225
give,give,VERB,VB,225
It,it,PRON,PRP,225
star,star,NOUN,NN,225
This,this,PRON,DT,0
Was,be,AUX,VBD,0
The,the,DET,DT,0
best,good,ADJ,JJS,0
Music,music,NOUN,NN,0
APP,APP,PROPN,NNP,0
Now,now,ADV,RB,28
Even,even,ADV,RB,28
listening,listen,VERB,VBG,28
To,to,ADP,IN,28
a,a,DET,DT,28
of,of,ADP,IN,28
our,our,PRON,PRP$,28
time,time,NOUN,NN,28
stamp,stamp,NOUN,NN,28
requires,require,VERB,VBZ,28
PREMIUM,PREMIUM,PROPN,NNP,28
so,so,ADV,RB,28
annoying,annoying,ADJ,JJ,28
did,do,AUX,VBD,28
Not,not,PART,RB,28
expected,expect,VERB,VBN,28
This,this,PRON,DT,28
from,from,ADP,IN,28
very,very,ADV,RB,28
disappointing,disappointing,ADJ,JJ,28
i,I,PRON,PRP,162
hope,hope,VERB,VBP,162
their,their,PRON,PRP$,162
development,development,NOUN,NN,162
team,team,NOUN,NN,162
watches,watch,VERB,VBZ,162
This,this,DET,DT,162
review,review,NOUN,NN,162
And,and,CCONJ,CC,162
give,give,VERB,VB,162
us,we,PRON,PRP,162
our,our,PRON,PRP$,162
back,back,ADV,RB,162
üôÇ,üôÇ,NOUN,NNS,162
showing,show,VERB,VBG,0
their,their,PRON,PRP$,0
cheap,cheap,ADJ,JJ,0
tactics,tactic,NOUN,NNS,0
To,to,PART,TO,0
get,get,VERB,VB,0
money,money,NOUN,NN,0
The,the,DET,DT,50
Recent,recent,ADJ,JJ,50
update,update,NOUN,NN,50
removes,remove,VERB,VBZ,50
The,the,DET,DT,50
basic,basic,ADJ,JJ,50
functionalities,functionality,NOUN,NNS,50
Like,like,ADP,IN,50
going,go,VERB,VBG,50
back,back,ADV,RB,50
To,to,ADP,IN,50
PREVIOUS,PREVIOUS,PROPN,NNP,50
skipping,skip,VERB,VBG,50
specific,specific,ADJ,JJ,50
parts,part,NOUN,NNS,50
of,of,ADP,IN,50
The,the,DET,DT,50
All,all,PRON,DT,176
requires,require,VERB,VBZ,176
PREMIUM,PREMIUM,PROPN,NNP,176
subscription,subscription,NOUN,NN,176
At,at,ADP,IN,211
This,this,DET,DT,211
point,point,NOUN,NN,211
Just,just,ADV,RB,211
DELETE,DELETE,VERB,VBN,211
The,the,DET,DT,211
APP,APP,PROPN,NNP,211
After,after,SCONJ,IN,0
The,the,DET,DT,0
New,New,PROPN,NNP,0
update,update,NOUN,NN,0
Everything,everything,PRON,NN,0
Is,be,AUX,VBZ,0
Because,because,SCONJ,IN,0
wrost,wrost,NOUN,NN,0
You,you,PRON,PRP,0
can,can,AUX,MD,0
not,not,PART,RB,0
Even,even,ADV,RB,0
Play,play,VERB,VB,0
a,a,DET,DT,0
specific,specific,ADJ,JJ,0
part,part,NOUN,NN,0
It,it,PRON,PRP,0
Is,be,AUX,VBZ,0
become,become,VERB,VBN,0
Useless,useless,ADJ,JJ,0
If,if,SCONJ,IN,0
They,they,PRON,PRP,0
can,can,AUX,MD,0
not,not,PART,RB,0
fix,fix,VERB,VB,0
This,this,PRON,DT,0
there,there,PRON,EX,0
Is,be,VERB,VBZ,0
No,no,DET,DT,0
other,other,ADJ,JJ,0
option,option,NOUN,NN,0
then,then,ADV,RB,0
To,to,PART,TO,0
leave,leave,VERB,VB,0
This,this,DET,DT,0
APP,APP,PROPN,NNP,0
And,and,CCONJ,CC,0
switch,switch,VERB,VB,0
To,to,ADP,IN,0
another,another,DET,DT,0
APP,APP,PROPN,NNP,0
If,if,SCONJ,IN,210
They,they,PRON,PRP,210
do,do,AUX,VBP,210
Not,not,PART,RB,210
fix,fix,VERB,VB,210
This,this,DET,DT,210
piece,piece,NOUN,NN,210
of,of,ADP,IN,210
sh√Øt,sh√Øt,NOUN,NN,210
This,this,DET,DT,0
APP,app,NOUN,NN,0
Is,be,AUX,VBZ,0
turning,turn,VERB,VBG,0
from,from,ADP,IN,0
my,my,PRON,PRP$,0
fav,fav,NOUN,NN,0
To,to,ADP,IN,0
The,the,DET,DT,0
Worst,bad,ADJ,JJS,0
Music,Music,PROPN,NNP,0
streaming,stream,VERB,VBG,0
APP,APP,PROPN,NNP,0
It,it,PRON,PRP,0
Is,be,AUX,VBZ,0
literally,literally,ADV,RB,0
Forcing,force,VERB,VBG,0
You,you,PRON,PRP,0
To,to,PART,TO,0
Buy,buy,VERB,VB,0
The,the,DET,DT,0
PREMIUM,PREMIUM,PROPN,NNP,0
version,version,NOUN,NN,0
It,it,PRON,PRP,0
Is,be,AUX,VBZ,0
Too,too,ADV,RB,0
BAD,BAD,PROPN,NNP,0
And,and,CCONJ,CC,0
It,it,PRON,PRP,0
Is,be,AUX,VBZ,0
Not,not,PART,RB,0
doing,do,VERB,VBG,0
on,on,ADP,IN,0
All,all,DET,DT,0
accounts,account,NOUN,NNS,0
At,at,ADP,IN,0
Once,once,ADV,RB,0
But,but,CCONJ,CC,180
only,only,ADV,RB,180
some,some,PRON,DT,180
At,at,ADP,IN,180
a,a,DET,DT,180
time,time,NOUN,NN,180
time,time,NOUN,NN,180
To,to,PART,TO,180
change,change,VERB,VB,180
my,my,PRON,PRP$,180
Music,Music,PROPN,NNP,180
APP,APP,PROPN,NNP,180
What,what,PRON,WP,0
are,be,AUX,VBP,0
You,you,PRON,PRP,0
guys,guy,NOUN,NNS,0
trying,try,VERB,VBG,0
To,to,PART,TO,0
do,do,VERB,VB,0
You,you,PRON,PRP,32
guys,guy,NOUN,NNS,32
removing,remove,VERB,VBG,32
basic,basic,ADJ,JJ,32
features,feature,NOUN,NNS,32
as,as,SCONJ,IN,32
i,I,PRON,PRP,32
am,be,AUX,VBP,32
writing,write,VERB,VBG,32
This,this,DET,DT,32
review,review,NOUN,NN,32
They,they,PRON,PRP,32
have,have,AUX,VBP,32
Removed,remove,VERB,VBN,32
The,the,DET,DT,32
PREVIOUS,PREVIOUS,PROPN,NNP,32
SONG,SONG,PROPN,NNP,32
button,button,NOUN,NN,32
Now,now,ADV,RB,136
i,I,PRON,PRP,136
need,need,VERB,VBP,136
To,to,PART,TO,136
Buy,buy,VERB,VB,136
PREMIUM,PREMIUM,PROPN,NNP,136
for,for,ADP,IN,136
basic,basic,ADJ,JJ,136
things,thing,NOUN,NNS,136
You,you,PRON,PRP,180
guys,guy,NOUN,NNS,180
are,be,AUX,VBP,180
so,so,ADV,RB,180
desperate,desperate,ADJ,JJ,180
To,to,PART,TO,180
sell,sell,VERB,VB,180
PREMIUM,PREMIUM,PROPN,NNP,180
everyone,everyone,PRON,NN,0
Is,be,AUX,VBZ,0
been,be,AUX,VBN,0
saying,say,VERB,VBG,0
The,the,DET,DT,0
Same,same,ADJ,JJ,0
thing,thing,NOUN,NN,0
We,we,PRON,PRP,40
have,have,AUX,VBP,40
been,be,AUX,VBN,40
using,use,VERB,VBG,40
for,for,ADP,IN,40
And,and,CCONJ,CC,77
suddenly,suddenly,ADV,RB,77
We,we,PRON,PRP,77
require,require,VERB,VBP,77
a,a,DET,DT,77
PREMIUM,PREMIUM,PROPN,NNP,77
version,version,NOUN,NN,77
for,for,ADP,IN,77
using,use,VERB,VBG,77
All,all,DET,DT,77
basic,basic,ADJ,JJ,77
things,thing,NOUN,NNS,77
To,to,PART,TO,147
say,say,VERB,VB,147
that,that,SCONJ,IN,147
i,I,PRON,PRP,147
am,be,AUX,VBP,147
Disappointed,disappointed,ADJ,JJ,147
Is,be,AUX,VBZ,147
an,an,DET,DT,147
understatement,understatement,NOUN,NN,147
This,this,PRON,DT,0
Was,be,AUX,VBD,0
a,a,DET,DT,0
best,good,ADJ,JJS,0
Music,music,NOUN,NN,0
APP,APP,PROPN,NNP,0
But,but,CCONJ,CC,0
do,do,AUX,VB,0
Not,not,PART,RB,0
know,know,VERB,VB,0
Why,why,SCONJ,WRB,0
did,do,AUX,VBD,0
They,they,PRON,PRP,0
changed,change,VERB,VBD,0
All,all,DET,PDT,0
The,the,DET,DT,0
basic,basic,ADJ,JJ,0
things,thing,NOUN,NNS,0
To,to,ADP,IN,0
PREMIUM,PREMIUM,PROPN,NNP,0
If,if,SCONJ,IN,0
This,this,PRON,DT,0
Was,be,AUX,VBD,0
there,there,PRON,EX,0
thing,thing,NOUN,NN,0
then,then,ADV,RB,0
i,I,PRON,PRP,0
would,would,AUX,MD,0
recomend,recomend,VERB,VB,0
This,this,DET,DT,0
APP,app,NOUN,NN,0
Is,be,AUX,VBZ,0
total,total,ADJ,JJ,0
waste,waste,NOUN,NN,0
of,of,ADP,IN,0
listing,list,VERB,VBG,0
To,to,ADP,IN,0
songs,song,NOUN,NNS,0
This,this,PRON,DT,0
Was,be,AUX,VBD,0
The,the,DET,DT,0
best,good,ADJ,JJS,0
Music,Music,PROPN,NNP,0
APP,APP,PROPN,NNP,0
ever,ever,ADV,RB,0
But,but,CCONJ,CC,33
Now,now,ADV,RB,33
It,it,PRON,PRP,33
Is,be,AUX,VBZ,33
become,become,VERB,VBN,33
Worst,bad,ADJ,JJS,33
need,need,VERB,VBP,33
PREMIUM,PREMIUM,PROPN,NNP,33
for,for,ADP,IN,33
All,all,DET,PDT,33
The,the,DET,DT,33
features,feature,NOUN,NNS,33
i,I,PRON,PRP,33
had,have,AUX,VBD,33
been,be,AUX,VBN,33
using,use,VERB,VBG,33
since,since,SCONJ,IN,33
But,but,CCONJ,CC,130
Now,now,ADV,RB,130
i,I,PRON,PRP,130
am,be,AUX,VBP,130
going,go,VERB,VBG,130
To,to,PART,TO,130
uninstall,uninstall,VERB,VB,130
It,it,PRON,PRP,0
Was,be,AUX,VBD,0
of,of,ADP,IN,0
my,my,PRON,PRP$,0
favourite,favourite,ADJ,JJ,0
APP,APP,PROPN,NNP,0
But,but,CCONJ,CC,32
Now,now,ADV,RB,32
They,they,PRON,PRP,32
made,make,VERB,VBD,32
changes,change,NOUN,NNS,32
To,to,PART,TO,32
take,take,VERB,VB,32
PREMIUM,PREMIUM,PROPN,NNP,32
version,version,NOUN,NN,32
And,and,CCONJ,CC,32
It,it,PRON,PRP,32
Is,be,AUX,VBZ,32
Worst,bad,ADJ,JJS,32
thing,thing,NOUN,NN,32
They,they,PRON,PRP,32
did,do,VERB,VBD,32
ever,ever,ADV,RB,32
i,I,PRON,PRP,120
will,will,AUX,MD,120
never,never,ADV,RB,120
use,use,VERB,VB,120
This,this,DET,DT,120
APP,APP,PROPN,NNP,120
from,from,ADP,IN,120
Now,now,ADV,RB,120
on,on,ADV,RB,120
i,I,PRON,PRP,0
will,will,AUX,MD,0
suggest,suggest,VERB,VB,0
that,that,PRON,WDT,0
do,do,AUX,VBP,0
Not,not,PART,RB,0
download,download,VERB,VB,0
This,this,DET,DT,0
trash,trash,NOUN,NN,0
üò§,üò§,NOUN,NN,0
as,as,SCONJ,IN,0
It,it,PRON,PRP,0
many,many,ADJ,JJ,0
ads,ad,NOUN,NNS,0
And,and,CCONJ,CC,0
for,for,ADP,IN,0
choosing,choose,VERB,VBG,0
a,a,DET,DT,0
from,from,ADP,IN,0
our,our,PRON,PRP$,0
own,own,ADJ,JJ,0
Playlist,playlist,NOUN,NN,0
They,they,PRON,PRP,0
will,will,AUX,MD,0
say,say,VERB,VB,0
You,you,PRON,PRP,0
have,have,VERB,VBP,0
To,to,PART,TO,0
get,get,VERB,VB,0
The,the,DET,DT,0
PREMIUM,premium,NOUN,NN,0
think,think,VERB,VBP,0
he,he,PRON,PRP,0
Is,be,AUX,VBZ,0
Music,Music,PROPN,NNP,0
APP,APP,PROPN,NNP,0
for,for,ADP,IN,0
that,that,PRON,WDT,0
Is,be,AUX,VBZ,0
Why,why,SCONJ,WRB,0
he,he,PRON,PRP,0
change,change,VERB,VBP,0
his,his,PRON,PRP$,0
for,for,ADP,IN,0
free,free,ADJ,JJ,0
user's,user',NOUN,NNS,0
going,go,VERB,VBG,0
To,to,PART,TO,0
uninstall,uninstall,VERB,VB,0
i,I,PRON,PRP,0
love,love,VERB,VBP,0
choosing,choose,VERB,VBG,0
my,my,PRON,PRP$,0
bands,band,NOUN,NNS,0
learning,learn,VERB,VBG,0
If,if,SCONJ,IN,0
i,I,PRON,PRP,0
did,do,AUX,VBD,0
Not,not,PART,RB,0
know,know,VERB,VB,0
my,my,PRON,PRP$,0
faves,fave,NOUN,NNS,0
made,make,VERB,VBN,0
reading,read,VERB,VBG,0
More,More,ADJ,JJR,0
about,about,ADP,IN,0
them,they,PRON,PRP,0
And,and,CCONJ,CC,0
testing,test,VERB,VBG,0
's,'s,PART,POS,0
mixes,mix,NOUN,NNS,0
for,for,ADP,IN,0
me,I,PRON,PRP,0
More,more,ADV,RBR,0
focused,focused,ADJ,JJ,0
for,for,ADP,IN,0
subscription,subscription,NOUN,NN,0
Too,too,ADV,RB,31
much,much,ADV,RB,31
adds,add,VERB,VBZ,31
And,and,CCONJ,CC,31
They,they,PRON,PRP,31
started,start,VERB,VBD,31
subscription,subscription,NOUN,NN,31
for,for,ADP,IN,31
surfing,surf,VERB,VBG,31
in,in,ADP,IN,31
specific,specific,ADJ,JJ,31
part,part,NOUN,NN,31
of,of,ADP,IN,31
APP,APP,PROPN,NNP,31
for,for,ADP,IN,31
free,free,ADJ,JJ,31
users,user,NOUN,NNS,31
Please,please,INTJ,UH,0
Stop,stop,VERB,VB,0
giving,give,VERB,VBG,0
us,we,PRON,PRP,0
Worst,bad,ADJ,JJS,0
update,update,NOUN,NN,0
We,we,PRON,PRP,0
can,can,AUX,MD,0
not,not,PART,RB,0
Even,even,ADV,RB,0
listen,listen,VERB,VB,0
our,our,PRON,PRP$,0
BY,BY,PROPN,NNP,0
according,accord,VERB,VBG,0
To,to,ADP,IN,0
instead,instead,ADV,RB,0
We,we,PRON,PRP,0
listen,listen,VERB,VBP,0
other,other,ADJ,JJ,0
shity,shity,NOUN,NN,0
songs,song,NOUN,NNS,0
The,the,DET,DT,0
Recent,recent,ADJ,JJ,0
update,update,NOUN,NN,0
Is,be,AUX,VBZ,0
pathetic,pathetic,ADJ,JJ,0
They,they,PRON,PRP,31
are,be,AUX,VBP,31
asking,ask,VERB,VBG,31
To,to,PART,TO,31
upgrade,upgrade,VERB,VB,31
To,to,ADP,IN,31
PREMIUM,PREMIUM,PROPN,NNP,31
for,for,ADP,IN,31
Even,even,ADV,RB,31
The,the,DET,DT,31
most,most,ADV,RBS,31
basic,basic,ADJ,JJ,31
features,feature,NOUN,NNS,31
which,which,PRON,WDT,31
a,a,DET,DT,31
Music,Music,PROPN,NNP,31
APP,APP,PROPN,NNP,31
should,should,AUX,MD,31
have,have,VERB,VB,31
You,you,PRON,PRP,0
are,be,AUX,VBP,0
destroying,destroy,VERB,VBG,0
your,your,PRON,PRP$,0
APP,APP,PROPN,NNP,0
with,with,ADP,IN,0
each,each,PRON,DT,0
And,and,CCONJ,CC,0
every,every,DET,DT,0
change,change,NOUN,NN,0
i,I,PRON,PRP,0
think,think,VERB,VBP,0
day,day,NOUN,NN,0
We,we,PRON,PRP,0
would,would,AUX,MD,0
love,love,VERB,VB,0
To,to,PART,TO,0
listen,listen,VERB,VB,0
through,through,ADP,IN,0
More,More,ADJ,JJR,0
than,than,ADP,IN,0
your,your,PRON,PRP$,0
APP,APP,PROPN,NNP,0
Worst,bad,ADJ,JJS,0
update,update,VERB,VB,0
ever,ever,ADV,RB,0
To,to,PART,TO,26
Not,not,PART,RB,26
install,install,VERB,VB,26
for,for,ADP,IN,26
New,new,ADJ,JJ,26
users,user,NOUN,NNS,26
And,and,CCONJ,CC,26
good,good,ADJ,JJ,26
choice,choice,NOUN,NN,26
To,to,PART,TO,26
DELETE,delete,VERB,VB,26
The,the,DET,DT,26
APP,APP,PROPN,NNP,26
for,for,ADP,IN,26
users,user,NOUN,NNS,26
who,who,PRON,WP,26
have,have,AUX,VBP,26
already,already,ADV,RB,26
installed,instal,VERB,VBN,26
How,how,SCONJ,WRB,0
Greedy,Greedy,PROPN,NNP,0
do,do,AUX,VBP,0
You,you,PRON,PRP,0
have,have,VERB,VB,0
To,to,PART,TO,0
be,be,AUX,VB,0
To,to,PART,TO,0
turn,turn,VERB,VB,0
off,off,ADP,RP,0
The,the,DET,DT,0
lyrics,lyric,NOUN,NNS,0
unless,unless,SCONJ,IN,0
One,one,PRON,PRP,0
pays,pay,VERB,VBZ,0
for,for,ADP,IN,0
PREMIUM,PREMIUM,PROPN,NNP,0
Absolutely,absolutely,ADV,RB,86
utterly,utterly,ADV,RB,86
disgusting,disgusting,ADJ,JJ,86
behaviour,behaviour,NOUN,NN,86
Wth,Wth,PROPN,NNP,0
Is,be,AUX,VBZ,0
No,no,ADV,RB,0
longer,long,ADV,RBR,0
Is,be,AUX,VBZ,0
useful,useful,ADJ,JJ,0
i,I,PRON,PRP,37
Just,just,ADV,RB,37
HATE,hate,INTJ,UH,37
It,it,PRON,PRP,37
At,at,ADP,IN,52
This,this,DET,DT,52
point,point,NOUN,NN,52
Bring,bring,VERB,VB,67
It,it,PRON,PRP,67
back,back,ADV,RB,67
To,to,ADP,IN,67
normal,normal,ADJ,JJ,67
Stop,stop,VERB,VB,92
being,be,AUX,VBG,92
Greedy,greedy,ADJ,JJ,92
for,for,ADP,IN,92
PRIMIUM,primium,NOUN,NN,92
This,this,PRON,DT,0
Was,be,AUX,VBD,0
The,the,DET,DT,0
best,good,ADJ,JJS,0
APP,app,NOUN,NN,0
Now,now,ADV,RB,22
It,it,PRON,PRP,22
Is,be,AUX,VBZ,22
basically,basically,ADV,RB,22
Useless,useless,ADJ,JJ,22
Like,like,ADP,IN,22
No,no,DET,DT,22
replaying,replay,VERB,VBG,22
songs,song,NOUN,NNS,22
no,no,DET,DT,22
playing,play,VERB,VBG,22
songs,song,NOUN,NNS,22
in,in,ADP,IN,22
order,order,NOUN,NN,22
It,it,PRON,PRP,22
removes,remove,VERB,VBZ,22
All,all,DET,PDT,22
The,the,DET,DT,22
fun,fun,NOUN,NN,22
i,I,PRON,PRP,0
am,be,AUX,VBP,0
Uninstalling,Uninstalling,PROPN,NNP,0
i,I,PRON,PRP,0
can,can,AUX,MD,0
not,not,PART,RB,0
able,able,ADJ,JJ,0
To,to,PART,TO,0
Play,play,VERB,VB,0
SONG,SONG,PROPN,NNP,0
which,which,PRON,WDT,0
i,I,PRON,PRP,0
wanted,want,VERB,VBD,0
And,and,CCONJ,CC,0
can,can,AUX,MD,0
not,not,PART,RB,0
Even,even,ADV,RB,0
change,change,VERB,VB,0
The,the,DET,DT,0
track,track,NOUN,NN,0
What,what,PRON,WP,0
Is,be,AUX,VBZ,0
happening,happen,VERB,VBG,0
Worst,bad,ADJ,JJS,0
APP,APP,PROPN,NNP,0
everthing,everthing,NOUN,NN,0
Is,be,AUX,VBZ,0
available,available,ADJ,JJ,0
only,only,ADV,RB,0
on,on,ADP,IN,0
PREMIUM,PREMIUM,PROPN,NNP,0
only,only,ADV,RB,0
New,New,PROPN,NNP,0
updates,update,VERB,VBZ,0
Sucks,suck,NOUN,NNS,0
Deleting,delete,VERB,VBG,0
This,this,DET,DT,0
APP,APP,PROPN,NNP,0
Ridiculous,ridiculous,ADJ,JJ,93
service,service,NOUN,NN,93
Utter,utter,ADJ,JJ,0
BS,BS,PROPN,NNP,0
who,who,PRON,WP,0
would,would,AUX,MD,0
use,use,VERB,VB,0
This,this,DET,DT,0
APP,APP,PROPN,NNP,0
If,if,SCONJ,IN,0
They,they,PRON,PRP,0
do,do,AUX,VBP,0
Not,not,PART,RB,0
Even,even,ADV,RB,0
allow,allow,VERB,VB,0
To,to,PART,TO,0
choose,choose,VERB,VB,0
songs,song,NOUN,NNS,0
of,of,ADP,IN,0
our,our,PRON,PRP$,0
own,own,ADJ,JJ,0
Deleting,delete,VERB,VBG,87
It,it,PRON,PRP,87
right,right,ADV,RB,87
away,away,ADV,RB,87
This,this,DET,DT,0
APP,APP,PROPN,NNP,0
Is,be,AUX,VBZ,0
ewwww,ewwww,ADJ,JJ,0
Because,because,SCONJ,IN,0
of,of,ADP,IN,0
The,the,DET,DT,0
New,New,PROPN,NNP,0
updates,update,NOUN,NNS,0
If,if,SCONJ,IN,0
You,you,PRON,PRP,0
continue,continue,VERB,VBP,0
doing,do,VERB,VBG,0
This,this,PRON,DT,0
i,I,PRON,PRP,0
am,be,AUX,VBP,0
going,go,VERB,VBG,0
To,to,PART,TO,0
uninstall,uninstall,VERB,VB,0
This,this,DET,DT,0
APP,APP,PROPN,NNP,0
fr,fr,ADV,RB,0
will,will,AUX,MD,0
going,go,VERB,VBG,0
To,to,PART,TO,0
come,come,VERB,VB,0
when,when,SCONJ,WRB,0
going,go,VERB,VBG,0
To,to,PART,TO,0
say,say,VERB,VB,0
want,want,AUX,VBP,63
You,you,PRON,PRP,63
install,install,VERB,VB,63
Buy,Buy,PROPN,NNP,89
PREMIUM,PREMIUM,PROPN,NNP,89
The,the,DET,DT,0
New,New,PROPN,NNP,0
update,update,NOUN,NN,0
Is,be,AUX,VBZ,0
so,so,ADV,RB,0
disgusting,disgusting,ADJ,JJ,0
they,they,PRON,PRP,0
Also,also,ADV,RB,0
restricted,restrict,VERB,VBD,0
The,the,DET,DT,0
basic,basic,ADJ,JJ,0
features,feature,NOUN,NNS,0
very,very,ADV,RB,0
experience,experience,NOUN,NN,0
Such,such,DET,PDT,0
a,a,DET,DT,0
Useless,useless,ADJ,JJ,0
APP,APP,PROPN,NNP,0
We,we,PRON,PRP,20
can,can,AUX,MD,20
not,not,PART,RB,20
Even,even,ADV,RB,20
change,change,VERB,VB,20
The,the,DET,DT,20
songs,song,NOUN,NNS,20
After,after,ADP,IN,20
few,few,ADJ,JJ,20
times,time,NOUN,NNS,20
And,and,CCONJ,CC,69
can,can,AUX,MD,69
not,not,PART,RB,69
Even,even,ADV,RB,69
forward,forward,ADV,RB,69
a,a,DET,DT,69
The,the,DET,DT,0
Worst,bad,ADJ,JJS,0
APP,APP,PROPN,NNP,0
ever,ever,ADV,RB,0
i,I,PRON,PRP,0
can,can,AUX,MD,0
not,not,PART,RB,0
Even,even,ADV,RB,0
listen,listen,VERB,VB,0
To,to,ADP,IN,0
songs,song,NOUN,NNS,0
in,in,ADP,IN,0
The,the,DET,DT,0
order,order,NOUN,NN,0
i,I,PRON,PRP,0
want,want,VERB,VBP,0
to,to,PART,TO,0
like,like,ADP,IN,0
really?,really?,PROPN,NNP,0
..,..,SYM,SYM,0
bullish!t,bullish!t,NOUN,NN,0
gasuka,gasuka,PROPN,NNP,0
aku,aku,NOUN,NN,0
uda,uda,PROPN,NNP,0
PREMIUM,PREMIUM,PROPN,NNP,0
juga,juga,PROPN,NNP,0
tetep,tetep,PROPN,NNP,0
huu,huu,PROPN,NNP,94
What,what,PRON,WP,0
Is,be,AUX,VBZ,0
wrong,wrong,ADJ,JJ,0
with,with,ADP,IN,0
now,now,ADV,RB,0
a,a,DET,DT,0
user,user,NOUN,NN,0
can,can,AUX,MD,0
not,not,PART,RB,0
Even,even,ADV,RB,0
listen,listen,VERB,VB,0
on,on,ADP,IN,0
loop,loop,NOUN,NN,0
Worst,bad,ADJ,JJS,0
APP,APP,PROPN,NNP,0
This,this,DET,DT,16
updated,update,VERB,VBN,16
version,version,NOUN,NN,16
Removed,remove,VERB,VBD,16
All,all,DET,DT,16
basic,basic,ADJ,JJ,16
things,thing,NOUN,NNS,16
that,that,PRON,WDT,16
a,a,DET,DT,16
Music,Music,PROPN,NNP,16
APP,APP,PROPN,NNP,16
should,should,AUX,MD,16
have,have,VERB,VB,16
üí©,üí©,NOUN,NN,0
APP,APP,PROPN,NNP,0
And,and,CCONJ,CC,6
your,your,PRON,PRP$,6
update,update,NOUN,NN,6
Is,be,AUX,VBZ,6
Just,just,ADV,RB,6
Is,be,AUX,VBZ,34
trash,trash,NOUN,NN,34
junk,junk,NOUN,NN,34
yard,yard,NOUN,NN,34
Such,such,DET,PDT,63
a,a,DET,DT,63
sick,sick,ADJ,JJ,63
retard,retard,NOUN,NN,63
APP,APP,PROPN,NNP,63
i,I,PRON,PRP,0
do,do,AUX,VBP,0
Not,not,PART,RB,0
know,know,VERB,VB,0
Why,why,SCONJ,WRB,0
people,people,NOUN,NNS,0
's,'s,PART,POS,0
are,be,AUX,VBP,0
gave,give,VERB,VBN,0
Less,Less,ADJ,JJR,0
But,but,CCONJ,CC,44
i,I,PRON,PRP,44
thought,think,VERB,VBD,44
its,its,PRON,PRP$,44
Like,like,ADP,IN,44
gems,gem,NOUN,NNS,44
of,of,ADP,IN,44
wrost,wrost,PROPN,NNP,0
APP,APP,PROPN,NNP,0
ever,ever,ADV,RB,0
every,every,DET,DT,0
time,time,NOUN,NN,0
show,show,VERB,VBP,0
there,there,PRON,EX,0
subscribtion,subscribtion,NOUN,NN,0
plan,plan,NOUN,NN,0
And,and,CCONJ,CC,0
did,do,AUX,VBD,0
Not,not,PART,RB,0
Play,play,VERB,VB,0
Music,Music,PROPN,NNP,0
We,we,PRON,PRP,80
will,will,AUX,MD,80
Making,make,VERB,VBG,0
Even,even,ADV,RB,0
The,the,DET,DT,0
basic,basic,ADJ,JJ,0
features,feature,NOUN,NNS,0
in,in,ADP,IN,0
PREMIUM,PREMIUM,PROPN,NNP,0
category,category,NOUN,NN,0
makes,make,VERB,VBZ,0
The,the,DET,DT,0
good,good,ADJ,JJ,0
for,for,ADP,IN,0
anything,anything,PRON,NN,0
We,we,PRON,PRP,0
can,can,AUX,MD,0
not,not,PART,RB,0
Even,even,ADV,RB,0
replay,replay,VERB,VB,0
songs,song,NOUN,NNS,0
anymore,anymore,ADV,RB,0
for,for,ADP,IN,0
free,free,ADJ,JJ,0
It,it,PRON,PRP,46
Is,be,AUX,VBZ,46
Useless,useless,ADJ,JJ,46
unless,unless,SCONJ,IN,46
You,you,PRON,PRP,46
have,have,VERB,VBP,46
PREMIUM,PREMIUM,PROPN,NNP,46
It,it,PRON,PRP,0
Is,be,AUX,VBZ,0
complete,complete,ADJ,JJ,0
nonsense,nonsense,NOUN,NN,0
do,do,AUX,VBP,0
Not,not,PART,RB,0
download,download,VERB,VB,0
it,it,PRON,PRP,0
It,it,PRON,PRP,46
Is,be,AUX,VBZ,46
Useless,useless,ADJ,JJ,46
It,it,PRON,PRP,46
spoils,spoil,VERB,VBZ,46
your,your,PRON,PRP$,46
mind,mind,NOUN,NN,46
üö´,üö´,PROPN,NNP,82
Everything,everything,PRON,NN,0
Was,be,AUX,VBD,0
great,great,ADJ,JJ,0
But,but,CCONJ,CC,0
then,then,ADV,RB,0
The,the,DET,DT,0
PREMIUM,PREMIUM,PROPN,NNP,0
nation,nation,NOUN,NN,0
attacked,attack,VERB,VBD,0
Sucks,suck,VERB,VBZ,60
posterior,posterior,ADV,RB,60
Now,now,ADV,RB,60
Absolute,absolute,ADJ,JJ,0
dogwater,dogwater,NOUN,NN,0
You,you,PRON,PRP,0
are,be,AUX,VBP,0
telling,tell,VERB,VBG,0
me,I,PRON,PRP,0
i,I,PRON,PRP,0
can,can,AUX,MD,0
not,not,PART,RB,0
repeat,repeat,VERB,VB,0
songs,song,NOUN,NNS,0
WITHOUT,without,ADP,IN,0
PREMIUM,PREMIUM,PROPN,NNP,0
Dumb,dumb,ADJ,JJ,77
i,I,PRON,PRP,0
can,can,AUX,MD,0
not,not,PART,RB,0
Play,play,VERB,VB,0
back,back,ADP,RP,0
or,or,CCONJ,CC,0
Little,little,ADJ,JJ,0
skip,skip,NOUN,NN,0
And,and,CCONJ,CC,0
ad,ad,NOUN,NN,0
's,'s,PART,POS,0
so,so,ADV,RB,0
disturbing,disturbing,ADJ,JJ,0
Please,please,INTJ,UH,0
update,update,VERB,VB,0
again,again,ADV,RB,0
Is,be,AUX,VBZ,0
great,great,ADJ,JJ,0
it,it,PRON,PRP,0
has,have,VERB,VBZ,0
great,great,ADJ,JJ,0
playlists,playlist,NOUN,NNS,0
And,and,CCONJ,CC,0
The,the,DET,DT,0
experience,experience,NOUN,NN,0
Is,be,AUX,VBZ,0
amazing,amazing,ADJ,JJ,0
i,I,PRON,PRP,0
really,really,ADV,RB,0
love,love,VERB,VBP,0
This,this,DET,DT,0
APP,APP,PROPN,NNP,0
This,this,DET,DT,23
APP,APP,PROPN,NNP,23
always,always,ADV,RB,23
give,give,VERB,VB,23
me,I,PRON,PRP,23
best,good,ADJ,JJS,23
jazz,jazz,NOUN,NN,23
To,to,ADP,IN,23
my,my,PRON,PRP$,23
self,self,NOUN,NN,23
Useless,useless,ADJ,JJ,0
Now,now,ADV,RB,0
They,they,PRON,PRP,0
are,be,AUX,VBP,0
Just,just,ADV,RB,0
Making,make,VERB,VBG,0
It,it,PRON,PRP,0
PREMIUM,PREMIUM,PROPN,NNP,0
specific,specific,ADJ,JJ,0
uninstalled,uninstalled,ADJ,JJ,0
chuttiya,chuttiya,NOUN,NN,0
update,update,VERB,VB,0
Diya,Diya,PROPN,NNP,0
hai,hai,PROPN,NNP,0
Ab,Ab,PROPN,NNP,0
resso,resso,PROPN,NNP,0
join,join,PROPN,NNP,0
ga*n,ga*n,NOUN,NNS,0
marao,marao,NOUN,NN,0
Worst,bad,ADJ,JJS,0
APP,APP,PROPN,NNP,0
Just,just,ADV,RB,12
download,download,VERB,VB,12
It,it,PRON,PRP,12
To,to,PART,TO,12
listen,listen,VERB,VB,12
ads,ad,NOUN,NNS,12
World,World,PROPN,NNP,45
's,'s,PART,POS,45
Worst,Worst,PROPN,NNP,45
APP,APP,PROPN,NNP,45
ever,ever,ADV,RB,45
Hotch,Hotch,PROPN,NNP,0
potch,potch,NOUN,NN,0
And,and,CCONJ,CC,0
flop,flop,NOUN,NN,0
update,update,NOUN,NN,0
You,you,PRON,PRP,32
are,be,AUX,VBP,32
Making,make,VERB,VBG,32
This,this,DET,DT,32
APP,app,NOUN,NN,32
a,a,DET,DT,32
confusion,confusion,NOUN,NN,32
Wat,Wat,PROPN,NNP,0
kind,kind,NOUN,NN,0
of,of,ADP,IN,0
update,update,NOUN,NN,0
Is,be,AUX,VBZ,0
come,come,VERB,VBN,0
It,it,PRON,PRP,30
Is,be,AUX,VBZ,30
Like,like,ADP,IN,30
compulsory,compulsory,ADJ,JJ,30
PREMIUM,PREMIUM,PROPN,NNP,30
Greedy,Greedy,PROPN,NNP,0
always,always,ADV,RB,0
asking,ask,VERB,VBG,0
for,for,ADP,IN,0
PREMIUM,PREMIUM,PROPN,NNP,0
It,it,PRON,PRP,0
Is,be,AUX,VBZ,0
so,so,ADV,RB,0
annoying,annoying,ADJ,JJ,0
üò≠,üò≠,NOUN,NN,0
üò≠,üò≠,NOUN,NN,0
üò≠,üò≠,NOUN,NN,0
üò≠,üò≠,NOUN,NN,0
All,all,DET,PDT,0
The,the,DET,DT,0
star,star,NOUN,NN,0
reviews,review,NOUN,NNS,0
are,be,AUX,VBP,0
true,true,ADJ,JJ,0
Same,same,ADJ,JJ,37
with,with,ADP,IN,37
The,the,DET,DT,37
lite,lite,NOUN,NN,37
Now,now,INTJ,UH,0
working,work,VERB,VBG,0
on,on,ADP,IN,0
Making,make,VERB,VBG,0
It,it,PRON,PRP,0
worse,bad,ADJ,JJR,0
for,for,ADP,IN,0
The,the,DET,DT,0
users,user,NOUN,NNS,0
everyday,everyday,NOUN,NN,0
Useless,useless,ADJ,JJ,0
APP,APP,PROPN,NNP,0
WITHOUT,without,ADP,IN,0
membership,membership,NOUN,NN,0
We,we,PRON,PRP,0
can,can,AUX,MD,0
not,not,PART,RB,0
do,do,VERB,VB,0
anything,anything,PRON,NN,0
in,in,ADP,IN,0
This,this,DET,DT,0
APP,APP,PROPN,NNP,0
Once,once,ADV,RB,0
a,a,DET,DT,0
best,good,ADJ,JJS,0
Music,Music,PROPN,NNP,0
APP,APP,PROPN,NNP,0
Now,now,ADV,RB,0
in,in,ADP,IN,0
ruins,ruin,VERB,VBZ,0
Goodbye,Goodbye,PROPN,NNP,46
Everytime,everytime,INTJ,UH,0
i,I,PRON,PRP,0
am,be,AUX,VBP,0
touching,touch,VERB,VBG,0
screen,screen,NOUN,NN,0
showing,show,VERB,VBG,0
explore,explore,NOUN,NN,0
premium,premium,NOUN,NN,0
üôÑ,üôÑ,PROPN,NNP,0
üòñ,üòñ,PROPN,NNP,0
Was,be,AUX,VBD,0
a,a,DET,DT,0
great,great,ADJ,JJ,0
APP,app,NOUN,NN,0
But,but,CCONJ,CC,16
Now,now,ADV,RB,16
It,it,PRON,PRP,16
Is,be,AUX,VBZ,16
The,the,DET,DT,16
Worst,bad,ADJ,JJS,16
APP,APP,PROPN,NNP,16
for,for,ADP,IN,16
Music,Music,PROPN,NNP,16
player,player,NOUN,NN,16
This,this,DET,DT,6
New,New,PROPN,NNP,6
update,update,NOUN,NN,6
even,even,ADV,RB,6
basic,basic,ADJ,JJ,6
features,feature,NOUN,NNS,6
need,need,VERB,VBP,6
PREMIUM,PREMIUM,PROPN,NNP,6
Now,now,ADV,RB,6
How,how,SCONJ,WRB,0
To,to,PART,TO,0
ruin,ruin,VERB,VB,0
a,a,DET,DT,0
perfect,perfect,ADJ,JJ,0
app-,app-,PROPN,NNP,0
LESSONS,lesson,NOUN,NNS,0
BY,BY,PROPN,NNP,0
premium,premium,NOUN,NN,0
Just,just,ADV,RB,0
ruined,ruin,VERB,VBD,0
their,their,PRON,PRP$,0
fame,fame,NOUN,NN,0
BY,by,ADP,IN,0
adding,add,VERB,VBG,0
The,the,DET,DT,0
New,New,PROPN,NNP,0
updates,update,NOUN,NNS,0
Add,add,VERB,VB,0
a,a,DET,DT,0
feature,feature,NOUN,NN,0
of,of,ADP,IN,0
sort,sort,NOUN,NN,0
Playlist,playlist,NOUN,NN,0
on,on,ADP,IN,0
smart,smart,ADJ,JJ,0
TV,tv,NOUN,NN,0
Also,also,ADV,RB,0
Where,where,SCONJ,WRB,0
Is,be,AUX,VBZ,0
hip,hip,NOUN,NN,0
hop,hop,NOUN,NN,0
Pretty,pretty,ADJ,JJ,17
rude,rude,ADJ,JJ,17
No,no,DET,DT,17
baby,baby,NOUN,NN,17
Little,little,ADJ,JJ,37
baby,baby,NOUN,NN,37
i,I,PRON,PRP,0
boycot,boycot,VERB,VBP,0
All,all,DET,DT,0
noob,noob,PROPN,NNP,0
apps,app,NOUN,NNS,0
noob,noob,INTJ,UH,0
haram,haram,NOUN,NN,0
No,no,DET,DT,0
More,More,ADJ,JJR,0
room,room,NOUN,NN,0
for,for,ADP,IN,0
free,free,ADJ,JJ,0
users,user,NOUN,NNS,0
After,after,ADP,IN,0
New,New,PROPN,NNP,0
update,update,NOUN,NN,0
ü•≤,ü•≤,PROPN,NNP,0
New,new,ADJ,JJ,0
update,update,NOUN,NN,0
ki,ki,PROPN,NNP,0
very,very,ADV,RB,0
And,and,CCONJ,CC,0
Also,also,ADV,RB,0
PREMIUM,PREMIUM,PROPN,NNP,0
thing,thing,NOUN,NN,0
's,'s,PART,POS,0
Now,now,INTJ,UH,0
This,this,PRON,DT,0
Is,be,AUX,VBZ,0
BAD,bad,ADJ,JJ,0
bcz,bcz,NOUN,NNS,0
of,of,ADP,IN,0
PREMIUM,PREMIUM,PROPN,NNP,0
subscription,subscription,NOUN,NN,0
Terrible,terrible,ADJ,JJ,0
horrible,horrible,ADJ,JJ,0
Worst,bad,ADJ,JJS,29
APP,APP,PROPN,NNP,29
ever,ever,ADV,RB,29
Music,Music,PROPN,NNP,0
's,'s,PART,POS,0
best,good,ADJ,JJS,0
streaming,streaming,ADJ,JJ,0
companion,companion,NOUN,NN,0
This,this,DET,DT,0
APP,APP,PROPN,NNP,0
Is,be,AUX,VBZ,0
Now,now,ADV,RB,0
becoming,become,VERB,VBG,0
Worst,bad,ADJ,JJS,0
day,day,NOUN,NN,0
BY,by,ADP,IN,0
day,day,NOUN,NN,0
Not,not,PART,RB,0
everyone,everyone,PRON,NN,0
as,as,ADV,RB,0
rich,rich,ADJ,JJ,0
as,as,ADP,IN,0
's,'s,PART,POS,0
owner,owner,NOUN,NN,0
Excellent,excellent,ADJ,JJ,0
selection,selection,NOUN,NN,0
of,of,ADP,IN,0
And,and,CCONJ,CC,0
books,book,NOUN,NNS,0
Removed,removed,ADJ,JJ,0
basic,basic,ADJ,JJ,0
features,feature,NOUN,NNS,0
What,what,PRON,WP,23
The,the,DET,DT,23
hack,hack,NOUN,NN,23
üòÇ,üòÇ,PROPN,NNP,23
New,new,ADJ,JJ,0
update,update,NOUN,NN,0
Is,be,AUX,VBZ,0
The,the,DET,DT,0
Worst,bad,ADJ,JJS,0
thing,thing,NOUN,NN,0
ever,ever,ADV,RB,0
üíÄ,üíÄ,ADV,RB,0
Director,Director,PROPN,NNP,0
You,you,PRON,PRP,0
Just,just,ADV,RB,0
make,make,VERB,VB,0
Everything,everything,PRON,NN,0
paid,pay,VERB,VBN,0
trash,trash,NOUN,NN,0
APP,APP,PROPN,NNP,0
Recent,recent,ADJ,JJ,0
update,update,NOUN,NN,0
blocked,block,VERB,VBD,0
Everything,Everything,PROPN,NNP,0
Just,just,ADV,RB,0
Because,because,SCONJ,IN,0
They,they,PRON,PRP,0
are,be,AUX,VBP,0
money,money,NOUN,NN,0
wh0res,wh0re,NOUN,NNS,0
After,after,ADP,IN,0
update,update,NOUN,NN,0
The,the,DET,DT,0
APP,APP,PROPN,NNP,0
Is,be,AUX,VBZ,0
of,of,ADP,IN,0
No,no,DET,DT,0
use,use,NOUN,NN,0
Unlimited,unlimited,ADJ,JJ,0
ads,ad,NOUN,NNS,0
Worst,bad,ADJ,JJS,0
APP,APP,PROPN,NNP,0
üëé,üëé,PROPN,NNP,0
üëé,üëé,PROPN,NNP,0
üëé,üëé,NOUN,NN,0
The,the,DET,DT,0
New,New,PROPN,NNP,0
update,update,NOUN,NN,0
ruined,ruin,VERB,VBD,0
Everything,everything,PRON,NN,0
Worst,bad,ADJ,JJS,0
APP,APP,PROPN,NNP,0
ever,ever,ADV,RB,0
After,after,ADP,IN,0
The,the,DET,DT,0
update,update,NOUN,NN,0
Used,use,VERB,VBN,0
To,to,PART,TO,0
be,be,AUX,VB,0
nice,nice,ADJ,JJ,0
Not,not,PART,RB,17
anymore,anymore,ADV,RB,17
aap,aap,PROPN,NNP,0
do,do,AUX,VBP,0
Not,not,PART,RB,0
download,download,VERB,VB,0
Everything,everything,PRON,NN,0
thing,thing,NOUN,NN,0
need,need,VERB,VBP,0
PREMIUM,PREMIUM,PROPN,NNP,0
You,you,PRON,PRP,0
are,be,AUX,VBP,0
taking,take,VERB,VBG,0
decisions,decision,NOUN,NNS,0
The,the,DET,DT,0
New,New,PROPN,NNP,0
update,update,NOUN,NN,0
Is,be,AUX,VBZ,0
very,very,ADV,RB,0
Enjoyable,enjoyable,ADJ,JJ,0
with,with,ADP,IN,0
Less,less,ADV,RBR,0
hustle,hustle,ADJ,JJ,0
Forcing,force,VERB,VBG,0
us,we,PRON,PRP,0
To,to,PART,TO,0
take,take,VERB,VB,0
PREMIUM,PREMIUM,PROPN,NNP,0
Latest,late,ADJ,JJS,0
update,update,NOUN,NN,0
Is,be,AUX,VBZ,0
very,very,ADV,RB,0
Nothing,nothing,PRON,NN,0
Just,just,ADV,RB,12
Nothing,nothing,PRON,NN,12
was,be,AUX,VBD,0
The,the,DET,DT,0
best,good,ADJ,JJS,0
Music,Music,PROPN,NNP,0
APP,APP,PROPN,NNP,0
